index,task,image_path,true_caption,false_caption,clip_true,clip_false,clip_margin,clip_correct,model_true,model_false,model_margin,model_correct,margin_improvement,delta_true,delta_false,gate_true,gate_false,residual_scale
26379,attribution,/home/springwillow/Projects/Structure-CLIP-amr/data/visual_genome_data/vg_image/2369507.jpg,the analog clock and the gray wall,the gray clock and the analog wall,0.2969069480895996,0.30049556493759155,-0.0035886168479919434,0,0.44350844621658325,0.1686636209487915,0.27484482526779175,1,0.2784334421157837,2.7725729942321777,-2.493246555328369,0.2894250452518463,0.2894250452518463,0.18269191682338715
7418,attribution,/home/springwillow/Projects/Structure-CLIP-amr/data/visual_genome_data/vg_image/2406978.jpg,the white bus and the mesh fence,the mesh bus and the white fence,0.23906715214252472,0.24109137058258057,-0.002024218440055847,0,0.37867170572280884,0.1057048887014389,0.27296681702136993,1,0.2749910354614258,2.599262237548828,-2.5207266807556152,0.2939884066581726,0.2939884066581726,0.18269191682338715
15588,attribution,/home/springwillow/Projects/Structure-CLIP-amr/data/visual_genome_data/vg_image/2376787.jpg,the white train and the electric power line,the electric train and the white power line,0.3068525195121765,0.30416882038116455,0.002683699131011963,1,0.4388332962989807,0.16702388226985931,0.2718094140291214,1,0.26912571489810944,2.473576068878174,-2.570362091064453,0.29205599427223206,0.29205599427223206,0.18269191682338715
21016,attribution,/home/springwillow/Projects/Structure-CLIP-amr/data/visual_genome_data/vg_image/2372745.jpg,the blue jacket and the evergreen forest,the evergreen jacket and the blue forest,0.21169443428516388,0.20544692873954773,0.00624750554561615,1,0.3359657824039459,0.06077474355697632,0.2751910388469696,1,0.26894353330135345,2.4135868549346924,-2.809810161590576,0.28183096647262573,0.28183096647262573,0.18269191682338715
7432,attribution,/home/springwillow/Projects/Structure-CLIP-amr/data/visual_genome_data/vg_image/2406978.jpg,the white bus and the mesh fence,the mesh bus and the white fence,0.2895249128341675,0.2863336205482483,0.0031912922859191895,1,0.44485393166542053,0.17310068011283875,0.2717532515525818,1,0.2685619592666626,2.9259815216064453,-2.1330044269561768,0.2905772924423218,0.2905772924423218,0.18269191682338715
25935,attribution,/home/springwillow/Projects/Structure-CLIP-amr/data/visual_genome_data/vg_image/2333581.jpg,the brick wall and the black jacket,the black wall and the brick jacket,0.22092360258102417,0.21986860036849976,0.001055002212524414,1,0.3387244641780853,0.07622672617435455,0.2624977380037308,1,0.26144273579120636,2.172149419784546,-2.6486361026763916,0.29685163497924805,0.29685163497924805,0.18269191682338715
22720,attribution,/home/springwillow/Projects/Structure-CLIP-amr/data/visual_genome_data/vg_image/2351776.jpg,the round clock and the short hair,the short clock and the round hair,0.29937341809272766,0.2996956706047058,-0.0003222525119781494,0,0.4411661624908447,0.18216727674007416,0.25899888575077057,1,0.2593211382627487,2.595451831817627,-2.151303768157959,0.29903480410575867,0.29903480410575867,0.18269191682338715
16188,attribution,/home/springwillow/Projects/Structure-CLIP-amr/data/visual_genome_data/vg_image/2335448.jpg,the black motorcycle and the concrete wall,the concrete motorcycle and the black wall,0.28329604864120483,0.2808443307876587,0.0024517178535461426,1,0.4261363744735718,0.16746219992637634,0.25867417454719543,1,0.2562224566936493,2.6709017753601074,-2.120077133178711,0.292734295129776,0.292734295129776,0.18269191682338715
5638,attribution,/home/springwillow/Projects/Structure-CLIP-amr/data/visual_genome_data/vg_image/2365794.jpg,the red blanket and the large bed,the large blanket and the red bed,0.290363073348999,0.2906957268714905,-0.0003326535224914551,0,0.4208918809890747,0.1653931736946106,0.2554987072944641,1,0.25583136081695557,2.3895187377929688,-2.2938449382781982,0.2990036904811859,0.2990036904811859,0.18269191682338715
15265,attribution,/home/springwillow/Projects/Structure-CLIP-amr/data/visual_genome_data/vg_image/2320351.jpg,the blue sky and the black cable,the black sky and the blue cable,0.22385752201080322,0.22483408451080322,-0.0009765625,0,0.38343244791030884,0.1295168697834015,0.25391557812690735,1,0.25489214062690735,2.9401211738586426,-1.7561917304992676,0.2970845699310303,0.2970845699310303,0.18269191682338715
17638,attribution,/home/springwillow/Projects/Structure-CLIP-amr/data/visual_genome_data/vg_image/2394763.jpg,the tiled wall and the black garment,the black wall and the tiled garment,0.21215184032917023,0.21598798036575317,-0.0038361400365829468,0,0.3634990453720093,0.11577200889587402,0.24772703647613525,1,0.2515631765127182,2.8694186210632324,-1.900012493133545,0.2887095510959625,0.2887095510959625,0.18269191682338715
9262,attribution,/home/springwillow/Projects/Structure-CLIP-amr/data/visual_genome_data/vg_image/150297.jpg,the overcast sky and the sitting spectators,the sitting sky and the overcast spectators,0.2283407747745514,0.22566519677639008,0.002675577998161316,1,0.3643607497215271,0.11055600643157959,0.2538047432899475,1,0.2511291652917862,2.5490715503692627,-2.1571946144104004,0.2920796871185303,0.2920796871185303,0.18269191682338715
8692,attribution,/home/springwillow/Projects/Structure-CLIP-amr/data/visual_genome_data/vg_image/2406953.jpg,the wet road and the tall building,the tall road and the wet building,0.2531554698944092,0.2548207938671112,-0.0016653239727020264,0,0.40485620498657227,0.1556875854730606,0.24916861951351166,1,0.2508339434862137,2.814359188079834,-1.8391238451004028,0.295045405626297,0.295045405626297,0.18269191682338715
12529,attribution,/home/springwillow/Projects/Structure-CLIP-amr/data/visual_genome_data/vg_image/2400618.jpg,the rocky wall and the black locomotive,the black wall and the rocky locomotive,0.3024599850177765,0.303961843252182,-0.0015018582344055176,0,0.44229769706726074,0.193464457988739,0.24883323907852173,1,0.25033509731292725,2.590038299560547,-2.0466041564941406,0.2955281138420105,0.2955281138420105,0.18269191682338715
666,attribution,/home/springwillow/Projects/Structure-CLIP-amr/data/visual_genome_data/vg_image/2404499.jpg,the white shirt and the swinging racket,the swinging shirt and the white racket,0.2887178063392639,0.30282390117645264,-0.01410609483718872,0,0.4111497402191162,0.17499497532844543,0.23615476489067078,1,0.2502608597278595,2.572267532348633,-2.685657024383545,0.26053091883659363,0.26053091883659363,0.18269191682338715
17388,attribution,/home/springwillow/Projects/Structure-CLIP-amr/data/visual_genome_data/vg_image/2336476.jpg,the black jacket and the open curtain,the open jacket and the black curtain,0.203639954328537,0.20667240023612976,-0.0030324459075927734,0,0.32435572147369385,0.07742416858673096,0.2469315528869629,1,0.24996399879455566,2.2703516483306885,-2.4308254718780518,0.29103922843933105,0.29103922843933105,0.18269191682338715
9261,attribution,/home/springwillow/Projects/Structure-CLIP-amr/data/visual_genome_data/vg_image/150297.jpg,the overcast sky and the standing spectators,the standing sky and the overcast spectators,0.24295035004615784,0.22775036096572876,0.015199989080429077,1,0.38498228788375854,0.12017088383436203,0.2648114040493965,1,0.24961141496896744,3.016880750656128,-2.285080909729004,0.2576965093612671,0.2576965093612671,0.18269191682338715
12531,attribution,/home/springwillow/Projects/Structure-CLIP-amr/data/visual_genome_data/vg_image/2400618.jpg,the stone wall and the black locomotive,the black wall and the stone locomotive,0.3026356101036072,0.30260801315307617,2.759695053100586e-05,1,0.4212470054626465,0.17223040759563446,0.24901659786701202,1,0.24898900091648102,2.1647396087646484,-2.379481077194214,0.2999172508716583,0.2999172508716583,0.18269191682338715
26368,attribution,/home/springwillow/Projects/Structure-CLIP-amr/data/visual_genome_data/vg_image/2391757.jpg,the gray sky and the tall trees,the tall sky and the gray trees,0.22859787940979004,0.22897109389305115,-0.0003732144832611084,0,0.40374505519866943,0.15551608800888062,0.24822896718978882,1,0.24860218167304993,3.2076237201690674,-1.3452458381652832,0.29888245463371277,0.29888245463371277,0.18269191682338715
15732,attribution,/home/springwillow/Projects/Structure-CLIP-amr/data/visual_genome_data/vg_image/2347518.jpg,the concrete wall and the black television,the black wall and the concrete television,0.30572348833084106,0.30662447214126587,-0.0009009838104248047,0,0.4429243803024292,0.1957310438156128,0.2471933364868164,1,0.2480943202972412,2.5259761810302734,-2.041635274887085,0.29730919003486633,0.29730919003486633,0.18269191682338715
28550,attribution,/home/springwillow/Projects/Structure-CLIP-amr/data/visual_genome_data/vg_image/2389800.jpg,the black frame and the red wall,the red frame and the black wall,0.22012227773666382,0.21681183576583862,0.0033104419708251953,1,0.3452484607696533,0.09384854137897491,0.2513999193906784,1,0.2480894774198532,2.359851121902466,-2.3190598487854004,0.29023125767707825,0.29023125767707825,0.18269191682338715
25370,attribution,/home/springwillow/Projects/Structure-CLIP-amr/data/visual_genome_data/vg_image/2389387.jpg,the gray sky and the metal ski lift,the metal sky and the gray ski lift,0.2928166091442108,0.2901574373245239,0.0026591718196868896,1,0.438120037317276,0.1884397566318512,0.2496802806854248,1,0.24702110886573792,2.7226004600524902,-1.9059194326400757,0.2921276092529297,0.2921276092529297,0.18269191682338715
19787,attribution,/home/springwillow/Projects/Structure-CLIP-amr/data/visual_genome_data/vg_image/2344047.jpg,the small microwave and the open door,the open microwave and the small door,0.25812020897865295,0.264721542596817,-0.0066013336181640625,0,0.36308449506759644,0.1229080855846405,0.24017640948295593,1,0.24677774310112,2.045833110809326,-2.7640511989593506,0.28083550930023193,0.28083550930023193,0.18269191682338715
27004,attribution,/home/springwillow/Projects/Structure-CLIP-amr/data/visual_genome_data/vg_image/2361523.jpg,the red umbrella and the bamboo tree,the bamboo umbrella and the red tree,0.3472558856010437,0.36392733454704285,-0.016671448945999146,0,0.47840040922164917,0.24858486652374268,0.2298155426979065,1,0.24648699164390564,2.8269152641296387,-2.4862899780273438,0.253932386636734,0.253932386636734,0.18269191682338715
19772,attribution,/home/springwillow/Projects/Structure-CLIP-amr/data/visual_genome_data/vg_image/2397563.jpg,the open door and the bare mattress,the bare door and the open mattress,0.29275813698768616,0.2937464118003845,-0.0009882748126983643,0,0.4322323203086853,0.1880454421043396,0.2441868782043457,1,0.24517515301704407,2.5700716972351074,-1.9477373361587524,0.29704979062080383,0.29704979062080383,0.18269191682338715
1068,attribution,/home/springwillow/Projects/Structure-CLIP-amr/data/visual_genome_data/vg_image/2400997.jpg,the tall trees and the leather vest,the leather trees and the tall vest,0.21749037504196167,0.2177758514881134,-0.0002854764461517334,0,0.3679962754249573,0.12314188480377197,0.2448543906211853,1,0.24513986706733704,2.7539291381835938,-1.7315946817398071,0.29914480447769165,0.29914480447769165,0.18269191682338715
26439,attribution,/home/springwillow/Projects/Structure-CLIP-amr/data/visual_genome_data/vg_image/2397042.jpg,the long boat and the murky water,the murky boat and the long water,0.2571328282356262,0.25679075717926025,0.0003420710563659668,1,0.4085157513618469,0.16351039707660675,0.24500535428524017,1,0.2446632832288742,2.7715444564819336,-1.70779287815094,0.29897555708885193,0.29897555708885193,0.18269191682338715
4166,attribution,/home/springwillow/Projects/Structure-CLIP-amr/data/visual_genome_data/vg_image/2396905.jpg,the blue sky and the hanging wire,the hanging sky and the blue wire,0.2824594974517822,0.2844666838645935,-0.0020071864128112793,0,0.4437851905822754,0.20156797766685486,0.24221721291542053,1,0.2442243993282318,3.003170967102051,-1.5432072877883911,0.29403847455978394,0.29403847455978394,0.18269191682338715
4170,attribution,/home/springwillow/Projects/Structure-CLIP-amr/data/visual_genome_data/vg_image/2396905.jpg,the blue sky and the hanging wire,the hanging sky and the blue wire,0.2824594974517822,0.2844666838645935,-0.0020071864128112793,0,0.4437851905822754,0.20156797766685486,0.24221721291542053,1,0.2442243993282318,3.003170967102051,-1.5432072877883911,0.29403847455978394,0.29403847455978394,0.18269191682338715
681,attribution,/home/springwillow/Projects/Structure-CLIP-amr/data/visual_genome_data/vg_image/2401323.jpg,the tiled floor and the metal pipe,the metal floor and the tiled pipe,0.2047666311264038,0.20980466902256012,-0.005038037896156311,0,0.3409755229949951,0.10257009416818619,0.23840542882680893,1,0.24344346672296524,2.6136341094970703,-2.0576624870300293,0.28526031970977783,0.28526031970977783,0.18269191682338715
